"This movie was surprisingly heartfelt and emotional.,"
"Terrible pacing and weak acting throughout.,"
"I loved the cinematography and the soundtrack.,"
"Not my type of film, but I can see why others like it.,"
"The plot twist at the end completely shocked me.,"
"Predictable storyline with flat characters.,"
"An absolute masterpiece from start to finish.,"
"I struggled to stay awake during this movie.,"
"The lead actor delivered an incredible performance.,"
"The dialogue felt forced and unnatural.,"
"A visually stunning film with great atmosphere.,"
"The story dragged on far too long.,"
"One of the best movies I’ve seen this year.,"
"I wouldn’t recommend this to anyone.,"
"The humor was clever and well?timed.,"
"The jokes fell flat and felt repetitive.,"
"The action scenes were intense and exciting.,"
"The CGI looked cheap and outdated.,"
"A touching story about family and forgiveness.,"
"The plot was confusing and poorly executed.,"
"Fantastic soundtrack that elevated every scene.,"
"The music was distracting and didn’t fit the tone.,"
"A bold and creative take on a classic genre.,"
"It felt like a low?budget student project.,"
"The ending was satisfying and well?earned.,"
"The ending made no sense at all.,"
"Great chemistry between the main characters.,"
"The characters had zero chemistry.,"
"A refreshing and original story.,"
"A generic movie I’ll forget by tomorrow.,"
"The villain was genuinely terrifying.,"
"The villain was laughably bad.,"
"Beautifully shot with rich colors.,"
"The visuals were muddy and inconsistent.,"
"A gripping story that kept me hooked.,"
"I was bored after the first ten minutes.,"
"The emotional moments felt authentic.,"
"The emotional scenes felt manipulative.,"
"A brilliant script with sharp dialogue.,"
"The script was messy and unfocused.,"
"The pacing was perfect from start to finish.,"
"The pacing was all over the place.,"
"A charming film with lovable characters.,"
"The characters were annoying and one?dimensional.,"
"A powerful message delivered with subtlety.,"
"The message was heavy?handed and preachy.,"
"I’d happily watch this again.,"
"I regret wasting two hours on this.,"
"The world?building was impressive.,"
"The world?building was nonexistent.,"
"The romance subplot was sweet and believable.,"
"The romance subplot felt forced.,"
"The soundtrack fit the mood perfectly.,"
"The soundtrack felt out of place.,"
"The film exceeded all my expectations.,"
"The film failed to meet even basic expectations.,"
"A thrilling ride with nonstop excitement.,"
"A dull movie with nothing memorable.,"
"The performances were top?notch.,"
"The performances were painfully awkward.,"
"A clever twist that redefined the story.,"
"A twist that felt random and unnecessary.,"
"The cinematography was breathtaking.,"
"The cinematography was amateurish.,"
"A well?crafted film with strong direction.,"
"The direction felt sloppy and uninspired.,"
"I was emotionally invested the entire time.,"
"I didn’t care about any of the characters.,"
"A fun movie that doesn’t take itself too seriously.,"
"A movie that tries too hard to be funny.,"
"The tension kept me on the edge of my seat.,"
"There was zero tension the entire film.,"
"A satisfying blend of humor and drama.,"
"A confusing mix of tones that didn’t work.,"
"The cast delivered excellent performances.,"
"The cast seemed uninterested in the roles.,"
"A movie I’ll definitely recommend to friends.,"
"A movie I’ll never think about again.,"
"The visuals and music worked beautifully together.,"
"The visuals and music clashed horribly.,"
"A heartfelt story that resonated with me.,"
"A shallow story with no emotional depth.,"
"The editing was smooth and effective.,"
"The editing was choppy and distracting.,"
"A standout film in its genre.,"
"A forgettable entry in an overcrowded genre.,"
"The dialogue felt natural and engaging.,"
"The dialogue felt stiff and awkward.,"
"A bold film that takes risks.,"
"A safe film that plays by the rules.,"
"The themes were explored thoughtfully.,"
"The themes were barely explored.,"
"A movie that left me thinking afterward.,"
"A movie that left me confused and irritated.,"
"The cast had great comedic timing.,"
"The comedic timing was terrible.,"
"A visually rich and immersive experience.,"
"A visually bland and uninspired film.,"
"The story was simple but effective.,"
"The story was overly complicated for no reason.,"
"A delightful surprise that I thoroughly enjoyed.,"
"A disappointing film that had potential but failed.,"
